case,name,status,tag,expected,observed,observed_tag,latency
0,k4_bank0,PASS,0,8080437f,8080437f,0,2
1,k8_bank0,PASS,1,7f80807f,7f80807f,1,3
2,k16_bank0,PASS,2,8080807f,8080807f,2,5
3,k32_bank0,PASS,3,7f7f807f,7f7f807f,3,9
4,k64_bank0,PASS,4,7f7f807f,7f7f807f,4,17
5,k4_bank1,PASS,5,7f807f7f,7f807f7f,5,2
6,k8_bank1,PASS,6,80808080,80808080,6,3
7,k16_bank1,PASS,7,80807f7f,80807f7f,7,5
8,k32_bank1,PASS,8,7ff67f7f,7ff67f7f,8,9
9,k64_bank1,PASS,9,80807f7f,80807f7f,9,17
10,result_zero,PASS,10,00000000,00000000,10,3
11,result_positive,PASS,11,19191919,19191919,11,3
12,result_negative,PASS,12,e7e7e7e7,e7e7e7e7,12,3
13,result_sat_pos,PASS,13,7f7f7f7f,7f7f7f7f,13,3
14,result_sat_neg,PASS,14,80808080,80808080,14,3
15,result_relu_zero,PASS,15,00000000,00000000,15,3
16,zero_points_0,PASS,16,00000000,00000000,16,5
17,zero_points_1,PASS,17,79000000,79000000,17,5
18,zero_points_2,PASS,18,7f7f7f7f,7f7f7f7f,18,5
19,zero_points_3,PASS,19,00000000,00000000,19,5
20,rounding_0,PASS,20,7f808080,7f808080,20,3
21,rounding_1,PASS,21,ceb77f80,ceb77f80,21,3
22,rounding_2,PASS,22,8080807f,8080807f,22,3
23,rounding_3,PASS,23,80967ffd,80967ffd,23,3
24,pressure_0,PASS,24,7f7f8080,7f7f8080,24,10
25,pressure_1,PASS,25,80447f80,80447f80,25,11
26,pressure_2,PASS,26,808b7f80,808b7f80,26,17
27,signed_extrema,PASS,27,dde5807f,dde5807f,27,2
28,bias_boundaries,PASS,28,7f7f8080,7f7f8080,28,2
29,per_channel_quantization,PASS,29,007f005a,007f005a,29,5
30,random_seed_001,PASS,30,7f807f00,7f807f00,30,8
31,random_seed_002,PASS,31,7f7f0080,7f7f0080,31,7
32,random_seed_003,PASS,32,7f7f007f,7f7f007f,32,15
33,random_seed_004,PASS,33,807f7f7f,807f7f7f,33,13
34,random_seed_005,PASS,34,7f007f00,7f007f00,34,19
35,random_seed_006,PASS,35,807f007f,807f007f,35,10
36,random_seed_007,PASS,36,7f7f7f00,7f7f7f00,36,9
37,random_seed_008,PASS,37,0080807f,0080807f,37,5
38,random_seed_009,PASS,38,007f8000,007f8000,38,15
39,random_seed_010,PASS,39,7f80007f,7f80007f,39,21
40,random_seed_011,PASS,40,7f807f7f,7f807f7f,40,12
41,random_seed_012,PASS,41,7f007f80,7f007f80,41,7
42,random_seed_013,PASS,42,7f007f7f,7f007f7f,42,7
43,random_seed_014,PASS,43,00007f80,00007f80,43,17
44,random_seed_015,PASS,44,007f0000,007f0000,44,23
45,random_seed_016,PASS,45,807f8080,807f8080,45,2
46,random_seed_017,PASS,46,807f7f00,807f7f00,46,9
47,random_seed_018,PASS,47,80800080,80800080,47,9
48,random_seed_019,PASS,48,7f800000,7f800000,48,19
49,random_seed_020,PASS,49,7f00807f,7f00807f,49,21
50,random_seed_021,PASS,50,807f7f7f,807f7f7f,50,4
51,random_seed_022,PASS,51,7f7f7f80,7f7f7f80,51,11
52,random_seed_023,PASS,52,80007f7f,80007f7f,52,11
53,random_seed_024,PASS,53,00808080,00808080,53,9
54,random_seed_025,PASS,54,007f8000,007f8000,54,23
55,random_seed_026,PASS,55,7fa5007f,7fa5007f,55,6
56,random_seed_027,PASS,56,007f7f00,007f7f00,56,13
57,random_seed_028,PASS,57,000080f9,000080f9,57,9
58,random_seed_029,PASS,58,00008000,00008000,58,11
59,random_seed_030,PASS,59,00000080,00000080,59,25
60,random_seed_031,PASS,60,007f7f00,007f7f00,60,8
61,random_seed_032,PASS,61,7f80807f,7f80807f,61,3
62,random_seed_033,PASS,62,80807f7f,80807f7f,62,11
63,random_seed_034,PASS,63,807f7f9c,807f7f9c,63,13
64,random_seed_035,PASS,64,7f7f7f00,7f7f7f00,64,27
65,random_seed_036,PASS,65,807f8080,807f8080,65,6
66,random_seed_037,PASS,66,7f008000,7f008000,66,5
67,random_seed_038,PASS,67,7f7f007f,7f7f007f,67,13
68,random_seed_039,PASS,68,80007f00,80007f00,68,15
69,random_seed_040,PASS,69,7f808080,7f808080,69,17
70,random_seed_041,PASS,70,00807f00,00807f00,70,8
71,random_seed_042,PASS,71,007f7f80,007f7f80,71,7
72,random_seed_043,PASS,72,0080007f,0080007f,72,15
73,random_seed_044,PASS,73,00008080,00008080,73,13
74,random_seed_045,PASS,74,007f7f7f,007f7f7f,74,19
75,random_seed_046,PASS,75,007f7580,007f7580,75,10
76,random_seed_047,PASS,76,7f000500,7f000500,76,9
77,random_seed_048,PASS,77,7f7f8080,7f7f8080,77,5
78,random_seed_049,PASS,78,80808000,80808000,78,15
79,random_seed_050,PASS,79,80807f7f,80807f7f,79,21
80,random_seed_051,PASS,80,80807f00,80807f00,80,12
81,random_seed_052,PASS,81,80007f7f,80007f7f,81,7
82,random_seed_053,PASS,82,800e8000,800e8000,82,7
83,random_seed_054,PASS,83,80000080,80000080,83,17
84,random_seed_055,PASS,84,7f00007f,7f00007f,84,23
85,random_seed_056,PASS,85,7f7f807f,7f7f807f,85,2
86,random_seed_057,PASS,86,7f7f807f,7f7f807f,86,9
87,random_seed_058,PASS,87,7f807f80,7f807f80,87,9
88,random_seed_059,PASS,88,7f80007f,7f80007f,88,19
89,random_seed_060,PASS,89,7f7f7f7f,7f7f7f7f,89,21
90,random_seed_061,PASS,90,7f7f7f00,7f7f7f00,90,4
91,random_seed_062,PASS,91,007f0080,007f0080,91,11
92,random_seed_063,PASS,92,007f0000,007f0000,92,11
93,random_seed_064,PASS,93,807f7f80,807f7f80,93,9
94,random_seed_065,PASS,94,807f8000,807f8000,94,23
95,random_seed_066,PASS,95,807f7f80,807f7f80,95,6
96,random_seed_067,PASS,96,7f800000,7f800000,96,13
97,random_seed_068,PASS,97,8000807f,8000807f,97,9
98,random_seed_069,PASS,98,80008000,80008000,98,11
99,random_seed_070,PASS,99,7f7f7f80,7f7f7f80,99,25
100,random_seed_071,PASS,100,7f7f0000,7f7f0000,100,8
101,random_seed_072,PASS,101,007f807f,007f807f,101,3
102,random_seed_073,PASS,102,007f7f00,007f7f00,102,11
103,random_seed_074,PASS,103,007f007f,007f007f,103,13
104,random_seed_075,PASS,104,7f80007f,7f80007f,104,27
105,random_seed_076,PASS,105,7f007f7f,7f007f7f,105,6
106,random_seed_077,PASS,106,7f7f7f7f,7f7f7f7f,106,5
107,random_seed_078,PASS,107,7f007f7f,7f007f7f,107,13
108,random_seed_079,PASS,108,00007f00,00007f00,108,15
109,random_seed_080,PASS,109,7f7f8080,7f7f8080,109,17
110,random_seed_081,PASS,110,80808000,80808000,110,8
111,random_seed_082,PASS,111,7f807f80,7f807f80,111,7
112,random_seed_083,PASS,112,8080007f,8080007f,112,15
113,random_seed_084,PASS,113,7f7f807f,7f7f807f,113,13
114,random_seed_085,PASS,114,807f7f7f,807f7f7f,114,19
115,random_seed_086,PASS,115,80007f80,80007f80,115,10
116,random_seed_087,PASS,116,8000007f,8000007f,116,9
117,random_seed_088,PASS,117,7f807f80,7f807f80,117,5
118,random_seed_089,PASS,118,00807f00,00807f00,118,15
119,random_seed_090,PASS,119,00807f80,00807f80,119,21
120,random_seed_091,PASS,120,7f800000,7f800000,120,12
121,random_seed_092,PASS,121,7f007f80,7f007f80,121,7
122,random_seed_093,PASS,122,7f00807f,7f00807f,122,7
123,random_seed_094,PASS,123,7f7f0080,7f7f0080,123,17
124,random_seed_095,PASS,124,7f007f00,7f007f00,124,23
125,random_seed_096,PASS,125,7f807f80,7f807f80,125,2
126,random_seed_097,PASS,126,8080807f,8080807f,126,9
127,random_seed_098,PASS,127,807f7f7f,807f7f7f,127,9
128,random_seed_099,PASS,128,7f7f7f00,7f7f7f00,128,19
129,random_seed_100,PASS,129,807f7f80,807f7f80,129,21
